{
  "body aches": {
    "wiki_mean": 1884.655172413793,
    "wiki_std": 870.4926468821333,
    "gdelt_mean": 148.17241379310346,
    "gdelt_std": 120.57039110752963
  },
  "chills": {
    "wiki_mean": 426.7241379310345,
    "wiki_std": 163.30315729423612,
    "gdelt_mean": 954.3793103448276,
    "gdelt_std": 726.4895247397928
  },
  "fever": {
    "wiki_mean": 4374.931034482759,
    "wiki_std": 1628.3835089489055,
    "gdelt_mean": 5256.0344827586205,
    "gdelt_std": 1851.0218699556706
  },
  "flu": {
    "wiki_mean": 9280.241379310344,
    "wiki_std": 4394.022796084736,
    "gdelt_mean": 8176.551724137931,
    "gdelt_std": 3552.1243702708275
  },
  "influenza": {
    "wiki_mean": 9280.241379310344,
    "wiki_std": 4394.022796084736,
    "gdelt_mean": 1063.103448275862,
    "gdelt_std": 723.894592999146
  },
  "lozenges": {
    "wiki_mean": 228.93103448275863,
    "wiki_std": 82.34766500049946,
    "gdelt_mean": 76.6896551724138,
    "gdelt_std": 266.6663382592395
  },
  "respiratory infection": {
    "wiki_mean": 41.93103448275862,
    "wiki_std": 17.77022195070562,
    "gdelt_mean": 602.1379310344828,
    "gdelt_std": 347.8134479592197
  },
  "sore throat": {
    "wiki_mean": 2275.0689655172414,
    "wiki_std": 924.6199965018246,
    "gdelt_mean": 226.48275862068965,
    "gdelt_std": 156.51782661812385
  }
}